{"Keys":["com.unity.services.core.cloud-environment","com.unity.services.core.version","com.unity.services.core.initializer-assembly-qualified-names","com.unity.services.authentication.version","com.unity.services.authentication.initializer-assembly-qualified-names","com.unity.services.multiplay.version","com.unity.services.multiplay.initializer-assembly-qualified-names","com.unity.services.wire.version","com.unity.services.wire.initializer-assembly-qualified-names","com.unity.services.core.all-package-names","com.unity.services.core.environment-name"],"Values":[{"m_Value":"production","m_IsReadOnly":false},{"m_Value":"1.12.5","m_IsReadOnly":true},{"m_Value":"Unity.Services.Core.Registration.CorePackageInitializer, Unity.Services.Core.Registration, Version=0.0.0.0, Culture=neutral, PublicKeyToken=null;Unity.Services.Core.Internal.IInitializablePackageV2, Unity.Services.Core.Internal, Version=0.0.0.0, Culture=neutral, PublicKeyToken=null","m_IsReadOnly":true},{"m_Value":"2.7.4","m_IsReadOnly":true},{"m_Value":"Unity.Services.Authentication.AuthenticationPackageInitializer, Unity.Services.Authentication, Version=0.0.0.0, Culture=neutral, PublicKeyToken=null","m_IsReadOnly":true},{"m_Value":"1.2.5","m_IsReadOnly":true},{"m_Value":"Unity.Services.Wire.Internal.WireDirectServiceProvider, Unity.Services.Multiplay.Wire.Internal, Version=0.0.0.0, Culture=neutral, PublicKeyToken=null;Unity.Services.Multiplay.MultiplayServiceProvider, Unity.Services.Multiplay, Version=0.0.0.0, Culture=neutral, PublicKeyToken=null","m_IsReadOnly":true},{"m_Value":"1.2.6","m_IsReadOnly":true},{"m_Value":"Unity.Services.Wire.Internal.WireServiceProvider, Unity.Services.Wire.Internal, Version=0.0.0.0, Culture=neutral, PublicKeyToken=null","m_IsReadOnly":true},{"m_Value":"com.unity.services.core;com.unity.services.authentication;com.unity.services.multiplay;com.unity.services.wire","m_IsReadOnly":false},{"m_Value":"production","m_IsReadOnly":false}]}